Unnamed: 0,Risk Code,Risk Description,Control Code,Control Name,Control Description,Key,통제 주기,통제 유형,Auto,관련 정책,System,테스트 방법,Unnamed: 13,Unnamed: 14,Unnamed: 15,모집단 정의,"모집단
완전성 확인",모집단 개수,"샘플
사이즈",테스트 절차,오류의 정의
,R-01,IT 프로세스에 대한 정책이 수립되지 않을 위험 - ITGCs,PWC01,IT 정책서 관리,"1. 하기 영역에 대한 IT운영프로세스에 관한 정책이 IT정책서에 명시되어 있음
 - Access to programs and data
 - Changes to application Programs
 - Program Development
 - Computer Operations
2. IT정책서는 매년 경영정보팀장의 검토 및 승인을 득함
3. 검토된 IT정책서는 그룹웨어 게시판에 게시됨",Y,연간,예방,Manual,,공통,,V,,,매년 수행되는 IT운영 프로세스 관련 정책 검토의 건,연간 통제이므로 1건의 검토 및 보고내역이 완전한 것으로 판단함,1,1,"1. IT운영프로세스가 명시된 '운영보안 규정' 정책서를 입수함
2. 입수한 운영보안 규정상 제·개정 이력을 검토하고 매년 경영정보팀장의 검토 및 승인을 득하였는지 여부를 검토함
3.  검토 및 승인을 득한 운영보안 규정이 그룹웨어 내 문서관리-규정문서 항목상 전체 공지 되고 있는지 여부를 확인함","1. 매년 IT정책서가 검토되지 않은 경우
2. IT정책서의 제·개정 시 승인권자의 승인을 득하지 않은 경우
3. 최신 IT정책서가 그룹웨어를 통해 전 임직원에게 공유되지 않은 경우"
,R-02,시스템 사용자가 시스템에서 규정하는 승인과 업무분장을 우회 할 위험,APD01,Application 권한 승인,권한 요청에 대해 요청 부서장 또는 IT팀장 등 책임자의 승인을 득한다,Y,필요시,예방,Manual,,SAP,,V,,,SU01,"1. 시스템의 계정생성 및 권한부여이력 테이블 또는 화면을 식별함

2. 해당 테이블 또는 화면의 이력조회 Parameter에 아래의 조건을 입력함으로써 모집단의 완전성을 확보함
 - 계정생성 또는 권한부여일자 : 테스트 대상기간
 - ID생성, 권한 부여 및 변경 Case 포함",Event Driven,Event Driven,"아래의 순서에 따라 통제 테스트를 수행한다.

  1. 모집단에서 샘플을 추출한다.
  2. 추출된 샘플의 권한 요청서 작성 여부와 부서장 3등 책임권자의 승인 여부를 확인한다.
  3. 권한 요청 및 승인 완료 후 권한 부여가 수행되었는지 확인한다
    - 권한 요청서 작성/승인 일자 < 권한부여 일자","1. 권한부여 요청서가 작성되지 않은 경우
2. 승인권자의 승인 없이 권한이 부여된 경우"
,R-03,시스템 사용자가 시스템에서 규정하는 승인과 업무분장을 우회 할 위험,APD02,Application 부서이동자 권한 회수,전배 등 기존 권한에 대한 회수 사유 발생시 즉시 회수한다,Y,기타,예방,Manual,,공통,,V,,,부서이동 인사명령지,,Event Driven,Event Driven,"부서이동(전배)자의 기존 권한 회수 여부를 검토한다

  1. 모집단에서 샘플을 추출한다.
  2. 기존 권한의 회수 여부를 확인한다
    - 권한 회수 일자 < 부서이동(전배) 일자","1. 권한 자동 회수 프로그램, 배치 프로그램의 로직이 적절하게 설정되어 있지 않은경우

2. 부서이동자의 수동부여 권한이 발령등록일자 기준으로 자동회수되지 않은 경우"
,R-04,시스템 사용자가 시스템에서 규정하는 승인과 업무분장을 우회 할 위험,APD03,Application 퇴사자 접근권한 회수,퇴사 등 계정삭제(비활성화) 사유 발생시 시스템에 의해 계정이 자동 삭제(비활성화)된다,Y,기타,예방,Manual,,공통,,V,,,퇴사 인사명령지,,Event Driven,Event Driven,"Application 계정 삭제(비활성화)에 대해 아래와 같이 검토한다

  1. 권한회수 프로그램 Source에 Logic이 정확히 구현되어 있는지 확인한다
  2. 모집단(퇴사자)에서 임의의 샘플 1건을 추출하여 퇴사자 계정이 모두 삭제(비활성화)되었는지 확인한다",1. 퇴사자 계정이 회수되지 않은 경우
,R-05,시스템 사용자가 시스템에서 규정하는 승인과 업무분장을 우회 할 위험,APD04,Application 권한 Monitoring,전체 사용자가 보유한 권한에 대해 Monitoring이 수행되며 결과는 책임자에 의해 승인된다,Y,분기별,적발,Manual,,공통,,V,,,통제 주기별로 실시한 권한 모니터링 수행 및 보고 건,분기별 통제이기 때문에 4건의 검토 및 보고내역이 완전한 것으로 판단함,4,2,"권한 Monitoring 통제에 대해 아래와 같이 검토한다

  1. 모집단에서 샘플을 추출한다
  2. Application/서버(OS/DB)/VPN에 대해 보유권한 적정성이 검토되었는지 확인한다
  3. 승인권자의 승인 여부를 확인한다","1. 분기에 1회 Application 권한 모니터링이 수행되지 않은 경우
2. Application 권한 모니터링 결과 보고에 대하여 승인권자의 승인을 득하지 않은 경우"
,R-06,"위험하고 강력한 계정사용자가 (ex. Super User , Admin Account) 시스템에서 규정하는 승인과 업무분장을 우회 할 위험",APD05,Application 관리자 권한 제한,관리자 권한은 지정된 담당자로 제한된다,Y,기타,예방,Auto,,SAP,,V,,,SU01 권한 보유자,자동통제임에 따라 모집단의 완전성을 정의하지 않음,자동통제이므로 해당사항 없음.,자동통제이므로 해당사항 없음.,"1. 관리자 권한을 보유한 인원을 추출한다.
2. 해당 인원의 부서,직책, 직무 등을 검토하여 적절성 여부를 확인한다",1. 지정된 담당자 외 Super User 권한을 보유한 사용자가 존재하는 경우
,R-07,취약한 패스워드 정책이나 보안 설정으로 인해 시스템 접근 통제를 우회할 위험,APD06,Application 패스워드,"1. Application 패스워드는 최소 아래 기준 이상으로 설정함

 1) 복잡성: 문자, 숫자, 특수문자 포함
 2) 최소 길이: 8자리 이상",Y,기타,예방,Auto,IT정책서,SAP,,V,,V,패스워드 설정사항,자동통제임에 따라 모집단의 완전성을 정의하지 않음,자동통제이므로 해당사항 없음.,자동통제이므로 해당사항 없음.,"Application 패스워드 설정 내역을 검토하여 정책서와 상이한 부분이 존재하는지 확인한다

T-Code:SE38에서 RSPARAM 조회
  .login/min_password_lng: 최소자리
  .login/min_password_special: 특수문자
  .login/min_letters: 문자
  .login/min_digit: 숫자","Application 패스워드 환경설정이 아래 기준을 충족하지 않은 경우
 1) 복잡성: 문자, 숫자, 특수문자 포함
 2) 최소 길이: 8자리 이상
 3) 변경주기: 분기(3개월)"
,R-08,기본적인 거래정보나 마스터 마스터 데이터를 부적절하게 변경 할 위험,APD07,Data 변경 승인,데이터 직접 변경은 적절한 승인권자의 승인을 득한다,Y,필요시,예방,Manual,IT정책서,SAP,,V,,,데이터 변경 이력,"1. 데이터 변경 이력에서 완전성을 득함
- 대상 : 시스템 사용 운영 DB 전체
- 기간 : 테스트 대상 기간",Event driven,Event driven,"1. 데이터 변경 이력을 조회하고, 조회화면(조회 조건, 조회된 전체 데이터 수 확인 가능한 화면) 및 조회 결과를 문서화함 
2. 위의 1.에서 조회된 데이터 변경의 발생빈도에 따라 샘플 Guide의 샘플 수를 적용하여 샘플을 선정함
3. 샘플에 대하여 승인권자의 승인을 득하였는지 여부를 확인함","1. 데이터 변경요청서가 작성되지 않은 경우
2. 승인권자의 승인 없이 데이터 변경이 수행된 경우
3. 데이터 변경 요청 내역과 실제 변경 내역이 일치하지 않는 경우"
,R-09,인가받지 않은 DB 접근으로 인하여 기본적인 거래정보나 마스터 마스터 데이터가 부적절하게 변경 될 위험,APD08,Data 변경 권한 제한,데이터 변경 권한은 지정된 담당자로 제한된다,Y,기타,예방,Auto,,SAP,,V,,,데이터 변경 권한자 List,자동통제임에 따라 모집단의 완전성을 정의하지 않음,자동통제이므로 해당사항 없음.,자동통제이므로 해당사항 없음.,"1. 데이터 변경 권한을 보유한 인원을 추출한다.
2. 해당 인원의 부서, 직책, 직무 등을 검토하여 적절성 여부를 확인한다.",1. 지정된 담당자 외 사용자가 Data 변경 권한을 보유한 경우
,R-10,인가받지 않은 OS 접근으로 인하여 운영서버 상의 프로그램이 부적절하게 변경 될 위험,APD09,OS 접근권한 승인,OS에 접근권한은 적절한 승인권자의 승인을 득한 후 부여한다,Y,필요시,예방,Manual,IT정책서,,,V,,,OS 계정(ID) 접근권한 부여 이력,"1. 시스템의 OS 또는 OS접근제어툴에서 계정생성이력 테이블 또는 화면을 식별함

2. 해당 테이블 또는 화면의 이력조회 Parameter에 아래의 조건을 입력함으로써 모집단의 완전성을 확보함
 - 계정생성 일자 : 테스트 대상기간
 - 조회대상 : 시스템 OS",Event driven,Event driven,"1. 테스트 기간 동안 신규 부여된 OS 접근권한 목록을 조회하고, 조회화면 및 조회 결과를 문서화한다.
2. 위의 1.에서 조회된 모집단의 발생빈도에 따라 샘플 Guide의 샘플 수를 적용하여 샘플을 선정한다.
3. 샘플에 대하여 승인권자의 승인을 득하였는지 여부를 확인한다.","1. 계정생성 요청서가 작성되지 않은 경우
2. 승인권자의 승인 없이 신규계정이 생성된 경우"
,R-11,취약한 패스워드 정책이나 보안 설정으로 인해 시스템 접근 통제를 우회할 위험,APD10,OS 패스워드,"OS 패스워드는 회사의 규정에 따라 최소자리, 복잡성 등을 설정한다",Y,기타,예방,Auto,IT정책서,,,V,,V,패스워드 설정사항,자동통제임에 따라 모집단의 완전성을 정의하지 않음,자동통제이므로 해당사항 없음.,자동통제이므로 해당사항 없음.,"1. OS서버 또는 OS 접근제어 Tool에 설정된 패스워드를 확인하여 아래 기준으로 설정되어 있는지 여부를 검토한다. 
 1) 복잡성: 문자, 숫자, 특수문자 포함
 2) 최소 길이: 8자리 이상","OS 패스워드 환경설정이 아래 기준을 충족하지 않은 경우
 1) 복잡성: 문자, 숫자, 특수문자 포함
 2) 최소 길이: 8자리 이상
 3) 변경주기: 분기(3개월)"
,R-12,인가받지 않은 OS 접근으로 인하여 운영서버 상의 프로그램이 부적절하게 변경 될 위험,APD11,OS 관리자 권한 제한,OS Super User 권한은 지정된 인원으로 제한한다,Y,기타,예방,Auto,,,,V,,,OS 관리자 List,자동통제임에 따라 모집단의 완전성을 정의하지 않음,자동통제이므로 해당사항 없음.,자동통제이므로 해당사항 없음.,"1. OS 또는 OS 접근제어 Tool에서 슈퍼권한자 목록을 확인함
2. 해당 권한을 보유한 인원의 부서, 직책, 직무 등을 검토하여 적절성 여부를 확인한다.",1. 지정된 담당자 외 Super User 권한을 보유한 사용자가 존재하는 경우
,R-13,인가받지 않은 DB 접근으로 인하여 기본적인 거래정보나 마스터 마스터 데이터가 부적절하게 변경 될 위험,APD12,DB 접근권한 승인,DB에 접근권한은 적절한 승인권자의 승인을 득한 후 부여한다,Y,필요시,예방,Manual,IT정책서,,,V,,,"DB 접근권한 부여 이력

- 접근제어툴 미사용시
SELECT username,
       account_status,
       created,
       default_tablespace,
       temporary_tablespace
  FROM dba_users
 WHERE created BETWEEN TO_DATE('2025-08-01', 'YYYY-MM-DD')
                   AND TO_DATE('2025-08-26', 'YYYY-MM-DD')
 ORDER BY created;","1. 시스템의 DB 또는 DB접근제어툴에서 계정생성이력 테이블 또는 화면을 식별함

2. 해당 테이블 또는 화면의 이력조회 Parameter에 아래의 조건을 입력함으로써 모집단의 완전성을 확보함
 - 계정생성 일자 : 테스트 대상기간
 - 조회대상 : 시스템 DB",Event driven,Event driven,"1. DB 또는 DB 접근제어 Tool에서 테스트 기간 동안 신규 부여된 접근권한 목록을 조회하고, 조회화면 및 조회 결과를 문서화함 
2. 위의 1.에서 조회된 모집단의 발생빈도에 따라 샘플 Guide의 샘플 수를 적용하여 샘플을 선정함
3. 샘플에 대하여 적절한 승인권자의 승인을 득하였는지 여부를 확인함","1. 계정생성 요청서가 작성되지 않은 경우
2. 승인권자의 승인 없이 신규계정이 생성된 경우"
,R-14,취약한 패스워드 정책이나 보안 설정으로 인해 시스템 접근 통제를 우회할 위험,APD13,DB 패스워드,"DB 패스워드는 회사의 규정에 따라 최소자리, 복잡성 등을 설정한다",Y,기타,예방,Auto,IT정책서,,,V,,V,"DB 패스워드 설정사항
-- 현재 사용자/계정별 패스워드 정책
SELECT username,
       profile,
       account_status,
       expiry_date
  FROM dba_users;

-- 프로필별 비밀번호 정책
SELECT profile,
       resource_name,
       limit
  FROM dba_profiles
 WHERE resource_name IN (
       'PASSWORD_LIFE_TIME', 
       'PASSWORD_GRACE_TIME', 
       'PASSWORD_REUSE_MAX', 
       'PASSWORD_REUSE_TIME', 
       'FAILED_LOGIN_ATTEMPTS', 
       'PASSWORD_VERIFY_FUNCTION'
 );",자동통제임에 따라 모집단의 완전성을 정의하지 않음,자동통제이므로 해당사항 없음.,자동통제이므로 해당사항 없음.,"1. DB의 패스워드 정책을 확인하여 아래 기준으로 설정되어 있는지 여부를 검토함. 
 1) 복잡성: 문자, 숫자, 특수문자 포함
 2) 최소 길이: 8자리 이상","DB 패스워드 환경설정이 아래 기준을 충족하지 않은 경우
 1) 복잡성: 문자, 숫자, 특수문자 포함
 2) 최소 길이: 8자리 이상
 3) 변경주기: 분기(3개월)"
,R-15,인가받지 않은 DB 접근으로 인하여 기본적인 거래정보나 마스터 마스터 데이터가 부적절하게 변경 될 위험,APD14,DB 관리자 권한 제한,DB Super User 권한은 지정된 인원으로 제한한다,Y,기타,예방,Auto,,,,V,,,"DB 관리자 권한 List
SELECT grantee AS username
  FROM dba_role_privs
 WHERE granted_role = 'DBA';",자동통제임에 따라 모집단의 완전성을 정의하지 않음,자동통제이므로 해당사항 없음.,자동통제이므로 해당사항 없음.,"1. DBSafer 권한 정책을 확인하여 ERP plus DB Super User 권한자 목록을 확인함
2. ERP plus DB Suer User 권한이 지정된 담당자에게만 부여되어 있는지 여부를 검토함",1. 지정된 담당자 외 Super User 권한을 보유한 사용자가 존재하는 경우
,R-16,"승인 또는 테스트 절차 없이 수행된 시스템 설정 변경, 프로그램변경 그리고 배치 프로세스 변경이 주요 거래정보를 왜곡 할 위험",PC01,프로그램 변경 승인,프로그램 변경 필요시 변경요청서를 작성하고 요청부서장 등 책임자의 승인을 득한다,Y,필요시,예방,Manual,IT정책서,SAP,,V,,,프로그램 변경 이력,,Event driven,Event driven,"프로그램 변경 요청에 대해 SR(Service Request)의 작성/승인 완료 여부를 검토한다

  1. 모집단에서 샘플을 추출한다
  2. 샘플건이 SR의 작성 및 승인권자(요청 부서장)의 승인 여부를 확인한다
  3. SR 작성/승인 이후 프로그램 이관이 수행되었는지 확인한다
    - SR 작성/승인 완료 일자 < 프로그램 이관 일자","1. 프로그램 변경요청서가 작성되지 않은 경우
2. 승인권자의 승인 없이 프로그램 변경이 수행된 경우
3. 프로그램 변경 요청 내역과 실제 변경 내역이 일치하지 않는 경우"
,R-17,"승인 또는 테스트 절차 없이 수행된 시스템 설정 변경, 프로그램변경 그리고 배치 프로세스 변경이 주요 거래정보를 왜곡 할 위험",PC02,프로그램 변경 사용자 테스트,프로그램 변경 후 요청자에 의한 사용자인수테스트가 수행되며 결과는 문서화된다,Y,필요시,예방,Manual,,SAP,,V,,,프로그램 변경 이력,,Event driven,Event driven,"프로그램 변경(개발) 완료 후 테스트 통제에 대해 사용자 테스트 결과서 작성 여부를 검토한다

  1. 모집단에서 샘플을 추출한다
  2. 샘플건이 프로그램 변경(개발) 완료 후 사용자 테스트가 수행되었고 결과의 문서화 여부를 확인한다
  3. 사용자 테스트 완료 이후 프로그램 이관이 수행되었는지 확인한다
    - 사용자 테스트 완료 일자 < 프로그램 이관 일자","1. 프로그램 변경에 대하여 요청서가 작성되지 않은 경우
2. 승인권자의 승인 없이 프로그램 변경이 수행된 경우
3.  운영환경 이관 전 프로그램 변경에 대한 테스트가 수행되지 않거나 결과가 문서화되지 않는 경우"
,R-18,"승인 또는 테스트 절차 없이 수행된 시스템 설정 변경, 프로그램변경 그리고 배치 프로세스 변경이 주요 거래정보를 왜곡 할 위험",PC03,프로그램 변경 이관 승인,개발완료 후 개발자는 이관을 요청하고 IT팀장 등 책임자의 승인을 득한다,Y,분기별,적발,Manual,IT정책서,SAP,,V,,,프로그램 배포이력 검토 보고 건,,4,2,"프로그램 이관 요청/승인 통제에 대해 이관 요청서의 작성/승인 완료 여부를 검토한다

  1. 모집단에서 샘플을 추출한다
  2. 샘플건이 프로그램 변경(개발) 완료 후 이관 요청서가 작성되었고 승인권자(IT운영팀장)의 승인 여부를 확인한다
  3. 이관 요청 및 승인 완료 후 프로그램 이관이 수행되었는지 확인한다
    - 이관 요청/승인 완료 일자 < 프로그램 이관 일자","1. 프로그램 배포이력 검토 보고 기안이 작성되지 않은 경우
2. ""ERP 파일 업로드"" 툴에서 테스트기간 동안 이관된 프로그램 목록을 조회(영업모듈, 생산모듈, 회계모듈 모두 조회)한 내역과 검토 내역과 일치하지 않은 경우
3.  경영정보 팀장의 승인을 득하지 않는 경우"
,R-19,"승인 또는 테스트 절차 없이 수행된 시스템 설정 변경, 프로그램변경 그리고 배치 프로세스 변경이 주요 거래정보를 왜곡 할 위험",PC04,개발/운영 환경의 분리,개발과 운영 환경은 논리적으로 분리되어 있다,Y,기타,예방,Auto,,SAP,,V,,,자동통제임에 따라 모집단을 정의하지 않음,,자동통제이므로 해당사항 없음.,자동통제이므로 해당사항 없음.,"1. 개발/운영 환경 구성을 확인함
2. ""exGate 관리자"" 도구에서 ERP plus 운영서버(""SKERP"")의 IP 정보를 확인함
3. 접근통제툴에서 개발환경 IP 정보를 확인함","1. 시스템 개발/테스트, 운영 서버가 분리되어 있지 않은 경우"
,R-20,"승인 또는 테스트 절차 없이 수행된 시스템 설정 변경, 프로그램변경 그리고 배치 프로세스 변경이 주요 거래정보를 왜곡 할 위험",PC05,이관담당자 권한 제한,이관담당자과 개발담당자는 직무상 분리되어 있으며 시스템 권한도 분리되어 있다,Y,기타,예방,Auto,,SAP,,V,,,자동통제임에 따라 모집단을 정의하지 않음,,자동통제이므로 해당사항 없음.,자동통제이므로 해당사항 없음.,"1. 개발/운영 환경 구성을 확인함
2. ""exGate 관리자"" 도구에서 ERP plus 운영서버(""SKERP"")의 IP 정보를 확인함
3. 접근통제툴에서 개발환경 IP 정보를 확인함","1. 시스템 개발/테스트, 운영 서버가 분리되어 있지 않은 경우"
,R-21,인가받지 않은 OS/DB 변경으로 인하여 운영서버 상의 프로그램이 부적절하게 변경 될 위험,PC06,OS 설정변경,OS 설정변경시 적절한 승인권자의 승인을 득한다,Y,필요시,예방,Manual,IT정책서,,,V,,,테스트 대상 기간 중 수행된 OS/DB 변경이력(업데이트/패치 이력),"1. 회사는 정책에 따라 요청서를 작성하여 적절한 승인을 득한 건에 대해서만 OS/DB 변경을 수행함
 
 2. In-scope 시스템 OS/DB에서 OS/DB 변경이력조회 Parameter에 아래의 조건을 입력함으로써 모집단의 완전성을 확보함
  - 작업일자 : 테스트 대상 기간",Event driven,Event driven,"1. In-scope 시스템 OS/DB의 변경이력(업데이트/패치 이력)을 아래 조건으로 추출함
  - 작업일자 : 테스트 대상 기간
 
 2. 조회 된 건수의 빈도에 따라 샘플 Guide의 샘플 수를 적용하여 무작위로 샘플링 함
 
 3. 샘플로 선정된 건에 대하여 적절한 근거가 존재하는지 확인함
  - OS/DB 변경(업데이트/패치 이력)에 대한 요청 및 승인
  - 변경(업데이트/패치 이력) 건에 대한 테스트 결과","1. Infra 변경에 대한 작업 요청이 존재하지 않는 경우
 
2. Infra 변경에 대한 적절한 담당자의 승인이 존재하지 않는 경우"
,R-22,인가받지 않은 OS/DB 변경으로 인하여 운영서버 상의 프로그램이 부적절하게 변경 될 위험,PC07,DB 설정변경,DB 설정변경시 적절한 승인권자의 승인을 득한다,Y,필요시,예방,Manual,IT정책서,,,V,,,테스트 대상 기간 중 수행된 OS/DB 변경이력(업데이트/패치 이력),"1. 회사는 정책에 따라 요청서를 작성하여 적절한 승인을 득한 건에 대해서만 OS/DB 변경을 수행함
 
 2. In-scope 시스템 OS/DB에서 OS/DB 변경이력조회 Parameter에 아래의 조건을 입력함으로써 모집단의 완전성을 확보함
  - 작업일자 : 테스트 대상 기간",Event driven,Event driven,"1. In-scope 시스템 OS/DB의 변경이력(업데이트/패치 이력)을 아래 조건으로 추출함
  - 작업일자 : 테스트 대상 기간
 
 2. 조회 된 건수의 빈도에 따라 샘플 Guide의 샘플 수를 적용하여 무작위로 샘플링 함
 
 3. 샘플로 선정된 건에 대하여 적절한 근거가 존재하는지 확인함
  - OS/DB 변경(업데이트/패치 이력)에 대한 요청 및 승인
  - 변경(업데이트/패치 이력) 건에 대한 테스트 결과","1. Infra 변경에 대한 작업 요청이 존재하지 않는 경우
 
2. Infra 변경에 대한 적절한 담당자의 승인이 존재하지 않는 경우"
,R-23,"배치 프로세스가 부적절하게 변경되거나, 수동 개입 되거나, 실패할 위험",CO01,Batch Schedule 등록/변경 요청 및 승인,새로운 배치 작업 등록 시 요청서를 작성하고 IT팀장 등 책임자의 승인을 득한다,Y,필요시,예방,Manual,IT정책서,SAP,,V,,,"Batch Schedule 등록/변경 이력
SELECT A.JOBNAME, A.JOBCOUNT, A.CREDATE, A.CRETIME, A.SDLUNAME, B.PERIODIC, B.NEXTDATE, B.NEXTTIME
  FROM TBTCO A
  INNER JOIN TBTCS B
    ON A.JOBNAME = B.JOBNAME
   AND A.JOBCOUNT = B.JOBCOUNT
 WHERE A.CREDATE BETWEEN 감사기간시작일' AND 감사기간종료일","1. 시스템에서 아래의 조건으로 Batch job 등록/변경이력을 추출함으로써 모집단의 신뢰성을 득함
- 대상 : 신규/변경/삭제
- 배치등록/변경일자 : 테스트 대상 기간",Event Driven,Event Driven,"1. Batch 작업 목록 중 아래 조건의 배치 등록/변경 이력을 추출함
2. 조회 된 건수의 빈도에 따라 샘플 Guide의 샘플 수를 적용하여 무작위로 샘플링 함
3. 샘플로 선정된 Batch 작업 건에 대하여 하기 사항을 확인함
 - 샘플로 선정된 Batch에 대한 IT 시스템 설정 변경 승인서
 - Batch 등록, 변경에 대한 승인권자의 승인 여부
 - Batch 등록 결과가 요청상의 내용과 동일한지 여부","1. Batch 작업에 대한 요청서가 작성되지 않은 경우
2. 배치 작업에 대하여 적절한 승인이 존재하지 않는 경우
3. 승인을 득하기 전이나 요청내용과 다른 작업이 이루어진 경우"
,R-24,"배치 프로세스가 부적절하게 변경되거나, 수동 개입 되거나, 실패할 위험",CO02,Batch Schedule 등록/변경 권한 제한,Batch Schedule 등록/변경 권한은 지정된 담당자로 제한된다,Y,기타,예방,Auto,,SAP,,V,,,자동통제임에 따라 모집단을 정의하지 않음,,자동통제이므로 해당사항 없음.,자동통제이므로 해당사항 없음.,"1. Batch Schedule 등록 쿼리에서 SDLUNAME 컬럼을 확인함
- 해당 컬럼의 데이터가 Batch Schedule을 등록한 인원임
2. 해당 인원의 부서, 직급, 직무 등을 검토하여 적절한 인원인지 확인함",1. 지정된 담당자 이외 사용자에게 Batch job 등록/변경 권한이 부여되어 있는 경우
,R-23,"배치 프로세스가 부적절하게 변경되거나, 수동 개입 되거나, 실패할 위험",CO03,Batch Schedule 모니터링,Batch 오류는 담당자가 인식할 수 있어야 하며 오류 내역 및 조치결과가 문서화된다,Y,주별,적발,Manual,,SAP,,V,,,Batch Schedule 모니터링 결과서,일별 통제이므로 52건의 검토 및 보고내역이 완전한 것으로 판단됨,52,5,"1. IT 주간점검보고 5건에 대하여 하기 사항을 확인함
 - 주별 Batch 모니터링 수행 여부
 - 점검 결과에 대한 문서화 여부
 - 이상 건 식별 시, 해당 건에 대한 조치 완료 여부 및 결과 문서화 여부
 - 모니터링 결과에 대한 보고 여부","1. Batch 실패 내역에 대한 적시 조치를 수행하지 않거나 해당 내용을 문서화 하지 않는 경우
2. 해당 조치 내역을 보고하지 않는 경우"
,R-24,"거래 데이터가 삭제었을 때(시스템 오류등으로 인해), 복구되지 않거나, 복구 되더라도 데이터가 손상되거나 중복 생성 될 위험",CO04,백업 모니터링,"주기적으로 백업 및 복구가 수행되고, 백업미디어는 소산보관된다",Y,주별,적발,Manual,,공통,,V,,,백업 모니터링 결과서,주별 통제이므로 52건의 검토 및 보고내역이 완전한 것으로 판단됨,52,5,"1. IT 주간점검보고 5건에 대하여 하기 사항을 확인함
 - 주별 백업 모니터링 수행 여부
 - 점검 결과에 대한 문서화 여부
 - 이상 건 식별 시, 해당 건에 대한 조치 완료 여부 및 결과 문서화 여부
 - 모니터링 결과에 대한 보고 여부","1. 백업이 완전하게 수행되지 않거나 실패 후 적시에 조치 되지 않는 경우
2. 백업 실패 내역에 대해 조치 내역을 기재하지 않았거나 백업 결과를 문서화하지 않은 경우
3. 백업결과에 대한 보고 및 승인 절차가 존재하지 않는 경우"
,R-25,시스템 운영 중 발생한 오류가 적시에 해결되지 않을 위험,CO05,장애 관리,복구절차의 효과성을 정기적으로 테스트하기 위한 절차가 존재한다,Y,월별,적발,Manual,,공통,,V,,,장애 발생 이력,통제 수행자와 독립적인 제3의 업체로부터 모집단을 수령함으로써 모집단의 완전성을 확보함,12,2,"1. 서버유지보수업체로부터 매월 보고 받는 월간 보고서를 입수함
2. 시스템 오류와 관련하여 원인, 해결방안, 재방방지 대책이 문서화 되었는지 여부를 검토함
3. 작성된 장애보고서가 IT부서장에게 보고 되었는지 여부를 확인함 ","1. 시스템 운영장애가 문서화되지 않은 경우
2. 시스템 운영장애가 IT부서장에게 보고되지 않은 경우"
,R-26,"IT 시설, 장비, 자원에 승인되지 않은 접근이 발생 할 위험",CO06,데이터센터 접근 제한,외부 인원의 데이터 센터 출입시 방문일지를 작성하고 서버담당자의 동행하에 출입한다,Y,분기별,예방,Manual,,공통,,V,,,데이터센터 출입이력 검토내역,분기별 통제이므로 4건의 검토 및 보고내역이 완전한 것으로 판단됨,4,2,"1. 분기 통제이므로 데이터센터 출입이력 검토 내역 중 임의의 샘플을 무작위로 샘플링함

2. 샘플 건에 대해서 하기 사항을 확인함
 - 데이터센터 출입이력 검토내역에 주요 서버실 포함 여부
 - 출입인원에 대한 적절한 검토 여부 (특정인원 출입빈도 / 사유파악 등)
 - 출입이력 검토내역에 대한 IT부서장의 승인 여부","1. 데이터 센터 출입이력에 대한 검토가 이루어지지 않은 경우
2. 데이터 센터 출입이력 검토 범위가 적절하지 않거나, 출입에 대한 사유가 절적하게 문서화 되어 있지 않거나, 검토 내역에 대한 IT부서장의 승인을 득하지 않은 경우"
,R-27,"마스터 데이터, 거래 데이터 등의 주요 정보가 불완전하고 부정확하게 이관 될 위험",PD01,사용자 인수 테스트,"1. 시스템 추가/기능 개선 등의 프로젝트(단순 기능 개선 등의 업무 제외)가 진행 되면, 현업부서와 경영정보팀의 사전 회의가 진행되고 프로젝트 진행이 확정 되면 경영지원팀은 신규시스템  개발 등의 품의가 진행되고 전결권자의 승인을 득함
2. 프로그램 개발 과정에서 단위테스트/통합테스트/사용자 테스트가 수행되며, 테스트 결과는 모두 문서화 됨
사용자 테스트 결과 특이사항이 없는 경우 검토승인->검토완료 변경처리됨.
3. 프로젝트 완료 시 결과보고가 진행됨",Y,필요시,예방,Manual,,공통,,V,,,신규 시스템 구축 내역,"1. 회사의 프로그램 개발 건은 내부적으로 리스트를 관리하고 있음

2. 전체 리스트를 수령하여 테스트 대상 기간 안에 들어오는 개발건을 선택함

3. 개발내용을 확인하여 Data 이관 및 전환이 존재한 개발건을 모집단으로 함",Event driven,Event driven,"1. 경영정보팀에서 관리하고 있는 SI완료 건 중 아래 내역을 대상으로 하여 발생빈도에 따라 샘플 Guide의 샘플 수를 적용하여 무작위로 샘플링 함
 - 내부회계운영 지원 시스템 (In-scope)
 - 재무보고와 관련있는 개발건
2. 샘플로 선정한 시스템 추가/기능 개선 등의 프로젝트 건에 대하여 개발 과정에서 인수테스트(단위테스트/통합테스트/사용자 테스트)가 수행되고 테스트 결과가 문서화 되었는 지 여부를 검토함
사용자 테스트 결과 특이사항이 없는 경우 검토승인->검토완료 변경처리됨.","1. 개발 건에 대하여 인수 테스트가 수행되지 않은 경우
2. 개발 건에 대하여 인수 테스트 결과가 문서화 되지 않은 경우"
,R-28,새롭게 적용된 시스템에 오류 등의 사유로 불완전하고 부정확하게 데이터가 생성 될 위험,PD02,데이터 이관,"1. 중요한 데이터의 이관 및 컨버전이 동반되는 프로젝트의 경우 데이터 정합성을 확보하기 위해 별도의 데이터 테스트를 수행하며, 테스트 결과 및 승인 이력이 문서화되어 관리됨",Y,필요시,예방,Manual,,공통,,V,,,신규 시스템 구축 내역,"1. 회사의 프로그램 개발 건은 내부적으로 리스트를 관리하고 있음

2. 전체 리스트를 수령하여 테스트 대상 기간 안에 들어오는 개발건을 선택함

3. 개발내용을 확인하여 Data 이관 및 전환이 존재한 개발건을 모집단으로 함",Event driven,Event driven,"1. IT부서에서 관리하고 있는 SI완료 건 중 아래 내역을 대상으로 하여 발생빈도에 따라 샘플 Guide의 샘플 수를 적용하여 무작위로 샘플링 함
 - 내부회계운영 지원 시스템 (In-scope)
 - 재무보고와 관련있는 개발건
 - 데이터 마이그레이션이 동반된 건

2. 개발 중 유효한 마이그레이션 테스트가 수행되었는지 아래 사항을 기준으로 검토함. 
 - 기존 시스템의 데이터 필드와 목표 시스템의 데이터 필드의 적절한 mapping에 대한 확인 여부
 - 이관 결과에 대한 승인 존재 여부
 - 이관된 데이터의 완전성, 정확성 및 유효성 검증 여부","1. 데이터 마이그레이션 시 적절한 테스트가 수행되지 않은 경우
2. 해당 테스트 결과가 문서화 되지 않거나 PM의 검토 및 승인을 득하지 않은 경우"
,R-29,새롭게 적용된 시스템에 오류 등의 사유로 불완전하고 부정확하게 데이터가 생성 될 위험,PD03,이슈 관리,"1. 프로젝트 중 발생하는 이슈 및 오류는 프로젝트 기간 중 주기적으로 집계 및 관리됨
2. 관리되고 있는 이슈 및 오류는 프로젝트 기간 내에 적시에 해결되어 프로젝트 관리자에게 보고 됨",Y,필요시,예방,Manual,,공통,,V,,,신규 시스템 구축 내역,"1. 회사의 프로그램 개발 건은 내부적으로 리스트를 관리하고 있음

2. 전체 리스트를 수령하여 테스트 대상 기간 안에 들어오는 개발건을 모집단으로 함",Event driven,Event driven,"1. IT부서에서 관리하고 있는 SI완료 건 중 아래 내역을 대상으로 하여 발생빈도에 따라 샘플 Guide의 샘플 수를 적용하여 무작위로 샘플링 함
 - 내부회계운영 지원 시스템 (In-scope)
 - 재무보고와 관련있는 개발건
2. 샘플로 선정한 SI건에 대해 이슈 및 오류내역이 문서화 되어 있는지 검토함
3. 이슈 및 오류내역이 주기적으로 프로젝트 관리자에게 보고 및 조치되었는지 검토함","1. 프로젝트 진행 중 발생하는 이슈 및 오류내역이 관리되지 않은 경우
2. 발생한 이슈 및 오류 내역이 적시에 처리되지 않거나 PM에게 보고되지 않은 경우"
,R-30,새롭게 적용된 시스템에 오류 등의 사유로 불완전하고 부정확하게 데이터가 생성 될 위험,PD04,사용자 교육,1. 시스템 추가/기능 개선 등의 프로젝트가 종료되면 해당 내용에 대한 사용자 교육 또는 매뉴얼 배포가 수행 됨,Y,필요시,예방,Manual,,공통,,V,,,신규 시스템 구축 내역,"1. 회사의 프로그램 개발 건은 내부적으로 리스트를 관리하고 있음

2. 전체 리스트를 수령하여 테스트 대상 기간 안에 들어오는 개발건을 모집단으로 함",Event Driven,Event Driven,"1. 경영정보팀에서 관리하고 있는 SI완료 건 중 아래 내역을 대상으로 하여 발생빈도에 따라 샘플 Guide의 샘플 수를 적용하여 무작위로 샘플링 함
 - 내부회계운영 지원 시스템 (In-scope)
 - 재무보고와 관련있는 개발건
2. 샘플로 선정한 SI건에 대한 교육 및 매뉴얼 배포가 설계 및 수행되었는지 검토함",1. 개발 건에 대하여 매뉴얼 작성 및 사용자교육이 수행되지 않은 경우
,R-31,"위험하고 강력한 계정사용자가 (ex. Super User , Admin Account) 시스템에서 규정하는 승인과 업무분장을 우회 할 위험",ST01,Supporting Tool Super User 권한 제한,1. Supporting tool의 Super User는 지정된 담당자로 제한되어 있음,Y,기타,예방,Auto,,Supporting Tool,,V,,,자동통제임에 따라 모집단을 정의하지 않음,,자동통제이므로 해당사항 없음.,자동통제이므로 해당사항 없음.,"1. Supporting Tool의 관리자 권한 목록을 확인함
2. 관리자 권한이 지정된 담당자로 제한되어 있음을 확인함",1. 지정된 담당자 외 Super User 권한을 보유한 사용자가 존재하는 경우
,R-32,취약한 패스워드 정책이나 보안 설정으로 인해 시스템 접근 통제를 우회할 위험,ST02,Supporting Tool 패스워드 설정,"1. Supporting tool의 패스워드는 최소 아래 기준 이상으로 설정함

 1) 복잡성: 문자, 숫자, 특수문자 포함
 2) 최소 길이: 8자리 이상
 3) 변경주기: 분기(3개월)",Y,기타,예방,Auto,IT정책서,Supporting Tool,,V,,V,자동통제임에 따라 모집단을 정의하지 않음,,자동통제이므로 해당사항 없음.,자동통제이므로 해당사항 없음.,"1. Supporting Tool 패스워드 환경설정 정보를 확인하여 아래 기준으로 설정되어 있는지 여부를 검토함. 
 1) 복잡성: 문자, 숫자, 특수문자 포함
 2) 최소 길이: 8자리 이상","Supporting Tool 패스워드 환경설정이 아래 기준을 충족하지 않은 경우
 1) 복잡성: 문자, 숫자, 특수문자 포함
 2) 최소 길이: 8자리 이상
 3) 변경주기: 분기(3개월)"
,R-33,"승인 또는 테스트 절차 없이 수행된 시스템 설정 변경, 프로그램변경 그리고 배치 프로세스 변경이 주요 거래정보를 왜곡 할 위험",ST03,Supporting Tool 기능 변경 요청 및 승인,"1. DBSafer에 대한 프로그램 변경을 위해 요청서를 작성함
2. 프로그램 변경 요청에 대하여 IT부서장의 승인을 득함
3. 변경건 혹은 패치건에 대한 테스트 수행 및 최종 적용 검토 후 운영환경에 적용함",Y,필요시,예방,Manual,IT정책서,Supporting Tool,,V,,,Supporting Tool 변경 이력,"1. DBSafer에서 변경이력조회 Parameter에 아래의 조건을 입력함으로써 모집단의 완전성을 확보함
 - 작업일자 : 테스트 대상 기간",Event driven,Event driven,"1. 테스트기간 동안 발생한 Supporting Tool 프로그램 변경 이력을 조회하고, 조회화면(조회 조건, 조회된 전체 데이터 수 확인 가능한 화면) 및 조회 결과를 문서화함 
2. 위의 1.에서 조회된Supporting Tool 변경의 발생빈도에 따라 샘플 Guide의 샘플 수를 적용하여 샘플을 선정함
3. 샘플에 대하여 전자결재상 ""IT 시스템 설정 변경 승인서""를 확인하고 승인권자의 승인을 득하였는지 여부를 확인함","1. Supporting Tool 프로그램 변경에 대한 작업 요청서가 작성되지 않은 경우
2. Supporting Tool 프로그램 설정 변경에 대한 적절한 담당자의 승인이 존재하지 않는 경우"
,R-34,정보보안 교육이 적절하게 이루어지지 않을 위험,PWC02,정보보안 교육,1. 경영정보팀은 모든 임직원을 대상으로 매분기 1회 개인정보보호 및 정보보안 교육을 위해 정보보안 안내게시판에 관련 자료를 게시함.,Y,분기별,예방,Manual,,공통,V,V,,,정보보안 교육 차원에서 정보보안 안내게시판에 게시된 게시물,분기별 통제이므로 4건의 샘플이 완전한 것으로 판단됨,4,2,1. 경영정보팀에서 모든 임직원을 대상으로 분기별 개인정보보호 및 정보보안 교육을 위해 정보보안 게시판에 게시물을 게시하였는지  확인함.,1. 분기별 정보보안 게시판에 정보보안 교육을 위한 게시물이 존재하지 않는 경우
